country_region,date_bin,confirmed,new_confirmed
Afghanistan,2020-02-24,13,0
Afghanistan,2020-03-02,8,-5
Afghanistan,2020-03-09,13.25,5.25
Afghanistan,2020-03-16,43.75,30.5
Afghanistan,2020-03-23,90.28571428571429,46.53571428571429
Afghanistan,2020-03-30,254.71428571428572,164.42857142857144
Afghanistan,2020-04-06,395,140.28571428571428
Albania,2020-03-09,26.666666666666668,0
Albania,2020-03-16,66.28571428571429,39.61904761904762
Albania,2020-03-23,163.14285714285714,96.85714285714285
Albania,2020-03-30,285.7142857142857,122.57142857142858
Albania,2020-04-06,380,94.28571428571428
Algeria,2020-02-24,6,0
Algeria,2020-03-02,17,11
Algeria,2020-03-09,39,22
Algeria,2020-03-16,100.71428571428571,61.71428571428571
Algeria,2020-03-23,362.42857142857144,261.7142857142857
Algeria,2020-03-30,982.1428571428571,619.7142857142857
Algeria,2020-04-06,1445.5,463.3571428571429
Andorra,2020-03-02,10,0
Andorra,2020-03-09,1.3333333333333333,-8.666666666666666
Andorra,2020-03-16,68.16666666666667,66.83333333333334
Andorra,2020-03-23,231.14285714285714,162.97619047619048
Andorra,2020-03-30,424.2857142857143,193.14285714285714
Andorra,2020-04-06,535,110.71428571428572
Angola,2020-03-16,1.6666666666666667,0
Angola,2020-03-23,4.142857142857143,2.4761904761904763
Angola,2020-03-30,8.857142857142858,4.714285714285714
Angola,2020-04-06,16.5,7.642857142857142
Antigua and Barbuda,2020-03-09,3,0
Antigua and Barbuda,2020-03-16,1,-2
Antigua and Barbuda,2020-03-23,5.285714285714286,4.285714285714286
Antigua and Barbuda,2020-03-30,10.714285714285714,5.428571428571428
Antigua and Barbuda,2020-04-06,17,6.2857142857142865
Argentina,2020-03-02,7.4,0
Argentina,2020-03-09,41.25,33.85
Argentina,2020-03-16,121.71428571428571,80.46428571428571
Argentina,2020-03-23,509.42857142857144,387.7142857142857
Argentina,2020-03-30,1175.4285714285713,665.9999999999999
Argentina,2020-04-06,1591,415.57142857142867
Armenia,2020-02-24,11,0
Armenia,2020-03-09,14,3
Armenia,2020-03-16,117,103
Armenia,2020-03-23,314.14285714285717,197.14285714285717
Armenia,2020-03-30,653.7142857142857,339.5714285714285
Armenia,2020-04-06,843,189.28571428571433
Aruba,2020-03-09,4,0
Aruba,2020-03-16,5.5,1.5
Australia,2020-01-20,2.6666666666666665,0
Australia,2020-01-27,19.857142857142858,17.19047619047619
Australia,2020-02-03,27,7.142857142857142
Australia,2020-02-10,132,105
Australia,2020-02-17,34.333333333333336,-97.66666666666666
Australia,2020-02-24,30.333333333333332,-4.0000000000000036
Australia,2020-03-02,54.42857142857143,24.0952380952381
Australia,2020-03-09,234.4,179.9714285714286
Australia,2020-03-16,775.1428571428571,540.7428571428571
Australia,2020-03-23,2809.5714285714284,2034.4285714285713
Australia,2020-03-30,5066.428571428572,2256.857142857143
Australia,2020-04-06,5846,779.5714285714284
Austria,2020-02-24,6.6,0
Austria,2020-03-02,49.57142857142857,42.97142857142857
Austria,2020-03-09,480,430.42857142857144
Austria,2020-03-16,2113,1633
Austria,2020-03-23,6710,4597
Austria,2020-03-30,10999.142857142857,4289.142857142857
Austria,2020-04-06,12468,1468.8571428571431
Azerbaijan,2020-02-24,6.5,0
Azerbaijan,2020-03-02,19.5,13
Azerbaijan,2020-03-09,28.666666666666668,9.166666666666668
Azerbaijan,2020-03-16,55.4,26.73333333333333
Azerbaijan,2020-03-23,132.85714285714286,77.45714285714286
Azerbaijan,2020-03-30,411.14285714285717,278.28571428571433
Azerbaijan,2020-04-06,679,267.85714285714283
Bahamas,2020-03-16,4,0
Bahamas,2020-03-23,7.714285714285714,3.7142857142857144
Bahamas,2020-03-30,21.857142857142858,14.142857142857142
Bahamas,2020-04-06,31,9.142857142857142
"Bahamas, The",2020-03-16,5,0
Bahrain,2020-02-24,35.666666666666664,0
Bahrain,2020-03-02,87,51.333333333333336
Bahrain,2020-03-09,302,215
Bahrain,2020-03-16,271.42857142857144,-30.571428571428555
Bahrain,2020-03-23,441,169.57142857142856
Bahrain,2020-03-30,622,181
Bahrain,2020-04-06,783.5,161.5
Bangladesh,2020-03-02,6,0
Bangladesh,2020-03-09,5,-1
Bangladesh,2020-03-16,17.285714285714285,12.285714285714285
Bangladesh,2020-03-23,42.714285714285715,25.42857142857143
Bangladesh,2020-03-30,61.285714285714285,18.57142857142857
Bangladesh,2020-04-06,143.5,82.21428571428572
Barbados,2020-03-16,6.8,0
Barbados,2020-03-23,22,15.2
Barbados,2020-03-30,43.714285714285715,21.714285714285715
Barbados,2020-04-06,61.5,17.785714285714285
Belarus,2020-02-24,5,0
Belarus,2020-03-02,30,25
Belarus,2020-03-09,23.4,-6.600000000000001
Belarus,2020-03-16,79,55.6
Belarus,2020-03-23,88,9
Belarus,2020-03-30,303.42857142857144,215.42857142857144
Belarus,2020-04-06,780.5,477.07142857142856
Belgium,2020-02-03,13,0
Belgium,2020-02-17,13,0
Belgium,2020-02-24,2,-11
Belgium,2020-03-02,81.71428571428571,79.71428571428571
Belgium,2020-03-09,653.6,571.8857142857144
Belgium,2020-03-16,2007.857142857143,1354.2571428571428
Belgium,2020-03-23,6634,4626.142857142857
Belgium,2020-03-30,15554,8920
Belgium,2020-04-06,21504,5950
Belize,2020-03-23,1.7142857142857142,0
Belize,2020-03-30,3.5714285714285716,1.8571428571428574
Belize,2020-04-06,7,3.4285714285714284
Benin,2020-03-16,4,0
Benin,2020-03-23,5.857142857142857,1.8571428571428568
Benin,2020-03-30,13.571428571428571,7.714285714285714
Benin,2020-04-06,26,12.428571428571429
Bhutan,2020-03-02,7,0
Bhutan,2020-03-09,3.5,-3.5
Bhutan,2020-03-16,3,-0.5
Bhutan,2020-03-23,2.5714285714285716,-0.4285714285714284
Bhutan,2020-03-30,4.571428571428571,1.9999999999999996
Bhutan,2020-04-06,5,0.4285714285714288
Bolivia,2020-03-09,13.5,0
Bolivia,2020-03-16,20.8,7.300000000000001
Bolivia,2020-03-23,49.57142857142857,28.77142857142857
Bolivia,2020-03-30,124.28571428571429,74.71428571428572
Bolivia,2020-04-06,188.5,64.21428571428571
Bosnia and Herzegovina,2020-03-02,6.5,0
Bosnia and Herzegovina,2020-03-09,15.6,9.1
Bosnia and Herzegovina,2020-03-16,65.71428571428571,50.11428571428571
Bosnia and Herzegovina,2020-03-23,211.85714285714286,146.14285714285717
Bosnia and Herzegovina,2020-03-30,519.5714285714286,307.71428571428567
Bosnia and Herzegovina,2020-04-06,719,199.42857142857144
Botswana,2020-03-30,4.142857142857143,0
Botswana,2020-04-06,6,1.8571428571428568
Brazil,2020-01-20,0,0
Brazil,2020-02-24,5.5,5.5
Brazil,2020-03-02,18,12.5
Brazil,2020-03-09,101.66666666666667,83.66666666666667
Brazil,2020-03-16,696.2857142857143,594.6190476190477
Brazil,2020-03-23,3041,2344.714285714286
Brazil,2020-03-30,7960.285714285715,4919.285714285715
Brazil,2020-04-06,13097.5,5137.214285714285
Brunei,2020-03-09,30.2,0
Brunei,2020-03-16,71.71428571428571,41.514285714285705
Brunei,2020-03-23,111.28571428571429,39.571428571428584
Brunei,2020-03-30,132,20.714285714285708
Brunei,2020-04-06,135,3
Bulgaria,2020-03-02,4,0
Bulgaria,2020-03-09,34.25,30.25
Bulgaria,2020-03-16,111.71428571428571,77.46428571428571
Bulgaria,2020-03-23,270.7142857142857,159
Bulgaria,2020-03-30,450.85714285714283,180.1428571428571
Bulgaria,2020-04-06,563,112.14285714285717
Burkina Faso,2020-03-09,4,0
Burkina Faso,2020-03-16,43.666666666666664,39.666666666666664
Burkina Faso,2020-03-23,160,116.33333333333334
Burkina Faso,2020-03-30,291.7142857142857,131.71428571428572
Burkina Faso,2020-04-06,374,82.28571428571428
Burma,2020-03-23,8.666666666666666,0
Burma,2020-03-30,18,9.333333333333334
Burma,2020-04-06,22,4
Burundi,2020-03-30,2.6666666666666665,0
Burundi,2020-04-06,3,0.3333333333333335
Cabo Verde,2020-03-16,2.3333333333333335,0
Cabo Verde,2020-03-23,4.285714285714286,1.952380952380952
Cabo Verde,2020-03-30,6.285714285714286,2
Cabo Verde,2020-04-06,7,0.7142857142857144
Cambodia,2020-01-27,3.2,0
Cambodia,2020-02-10,25,21.8
Cambodia,2020-03-02,6,-19
Cambodia,2020-03-09,16,10
Cambodia,2020-03-16,48.833333333333336,32.833333333333336
Cambodia,2020-03-23,95.85714285714286,47.023809523809526
Cambodia,2020-03-30,111,15.142857142857139
Cambodia,2020-04-06,114.5,3.5
Cameroon,2020-03-02,6,0
Cameroon,2020-03-09,3,-3
Cameroon,2020-03-16,20.666666666666668,17.666666666666668
Cameroon,2020-03-23,84.71428571428571,64.04761904761904
Cameroon,2020-03-30,369.2857142857143,284.57142857142856
Cameroon,2020-04-06,658,288.7142857142857
Canada,2020-01-20,1,0
Canada,2020-01-27,4,3
Canada,2020-02-03,28.666666666666668,24.666666666666668
Canada,2020-02-10,26,-2.666666666666668
Canada,2020-02-17,25,-1
Canada,2020-02-24,16.833333333333332,-8.166666666666668
Canada,2020-03-02,39.42857142857143,22.5952380952381
Canada,2020-03-09,146.14285714285714,106.71428571428571
Canada,2020-03-16,862.4285714285714,716.2857142857143
Canada,2020-03-23,4101.285714285715,3238.857142857143
Canada,2020-03-30,11134.285714285714,7032.999999999999
Canada,2020-04-06,17217.5,6083.214285714286
Cape Verde,2020-03-16,1,0
Cayman Islands,2020-03-09,1.5,0
Central African Republic,2020-03-09,1,0
Central African Republic,2020-03-16,4.333333333333333,3.333333333333333
Central African Republic,2020-03-23,3,-1.333333333333333
Central African Republic,2020-03-30,5.142857142857143,2.1428571428571432
Central African Republic,2020-04-06,8,2.8571428571428568
Chad,2020-03-16,1.3333333333333333,0
Chad,2020-03-23,2.7142857142857144,1.3809523809523812
Chad,2020-03-30,7.571428571428571,4.857142857142857
Chad,2020-04-06,9.5,1.9285714285714288
Channel Islands,2020-03-09,1,0
Chile,2020-03-02,7.5,0
Chile,2020-03-09,79,71.5
Chile,2020-03-16,405.8333333333333,326.8333333333333
Chile,2020-03-23,1396.2857142857142,990.452380952381
Chile,2020-03-30,3427.285714285714,2031
Chile,2020-04-06,4965.5,1538.2142857142858
Colombia,2020-01-20,0,0
Colombia,2020-03-02,2,2
Colombia,2020-03-09,22.5,20.5
Colombia,2020-03-16,124.14285714285714,101.64285714285714
Colombia,2020-03-23,495,370.8571428571429
Colombia,2020-03-30,1155.4285714285713,660.4285714285713
Colombia,2020-04-06,1679.5,524.0714285714287
Congo (Brazzaville),2020-03-09,1,0
Congo (Brazzaville),2020-03-16,5,4
Congo (Brazzaville),2020-03-23,6.142857142857143,1.1428571428571432
Congo (Brazzaville),2020-03-30,24,17.857142857142858
Congo (Brazzaville),2020-04-06,45,21
Congo (Kinshasa),2020-03-09,5,0
Congo (Kinshasa),2020-03-16,15.333333333333334,10.333333333333334
Congo (Kinshasa),2020-03-23,51.57142857142857,36.238095238095234
Congo (Kinshasa),2020-03-30,123.42857142857143,71.85714285714286
Congo (Kinshasa),2020-04-06,170.5,47.07142857142857
Costa Rica,2020-03-02,2.3333333333333335,0
Costa Rica,2020-03-09,25.8,23.46666666666667
Costa Rica,2020-03-16,76.42857142857143,50.62857142857143
Costa Rica,2020-03-23,234.14285714285714,157.71428571428572
Costa Rica,2020-03-30,393.2857142857143,159.14285714285714
Costa Rica,2020-04-06,475,81.71428571428572
Cote d'Ivoire,2020-03-09,2,0
Cote d'Ivoire,2020-03-16,11.4,9.4
Cote d'Ivoire,2020-03-23,91.57142857142857,80.17142857142856
Cote d'Ivoire,2020-03-30,207.85714285714286,116.28571428571429
Cote d'Ivoire,2020-04-06,336,128.14285714285714
Croatia,2020-02-24,6.4,0
Croatia,2020-03-02,19,12.6
Croatia,2020-03-09,42.75,23.75
Croatia,2020-03-16,128,85.25
Croatia,2020-03-23,512.8571428571429,384.8571428571429
Croatia,2020-03-30,1002.5714285714286,489.71428571428567
Croatia,2020-04-06,1252,249.42857142857144
Cruise Ship,2020-03-09,2436,0
Cruise Ship,2020-03-16,1186.6666666666667,-1249.3333333333333
Cruise Ship,2020-03-23,712,-474.66666666666674
Cuba,2020-03-09,6.333333333333333,0
Cuba,2020-03-16,15.833333333333334,9.5
Cuba,2020-03-23,78.57142857142857,62.738095238095234
Cuba,2020-03-30,239.71428571428572,161.14285714285717
Cuba,2020-04-06,373,133.28571428571428
Curacao,2020-03-09,2,0
Cyprus,2020-03-09,20.75,0
Cyprus,2020-03-16,73.5,52.75
Cyprus,2020-03-23,153.28571428571428,79.78571428571428
Cyprus,2020-03-30,348,194.71428571428572
Cyprus,2020-04-06,479.5,131.5
Czech Republic,2020-02-24,3,0
Czech Republic,2020-03-02,18.142857142857142,15.142857142857142
Czech Republic,2020-03-09,41,22.857142857142858
Czechia,2020-03-09,192,0
Czechia,2020-03-16,685.7142857142857,493.71428571428567
Czechia,2020-03-23,1990.857142857143,1305.1428571428573
Czechia,2020-03-30,3832.1428571428573,1841.2857142857144
Czechia,2020-04-06,4919.5,1087.3571428571427
Denmark,2020-02-24,4.333333333333333,0
Denmark,2020-03-02,26.75,22.416666666666668
Denmark,2020-03-09,654.6666666666666,627.9166666666666
Denmark,2020-03-16,1223.857142857143,569.1904761904763
Denmark,2020-03-23,2043.5714285714287,819.7142857142858
Denmark,2020-03-30,3633.285714285714,1589.7142857142856
Denmark,2020-04-06,5070.5,1437.2142857142858
Diamond Princess,2020-03-23,712,0
Diamond Princess,2020-03-30,712,0
Diamond Princess,2020-04-06,712,0
Djibouti,2020-03-16,1.6666666666666667,0
Djibouti,2020-03-23,10.285714285714286,8.61904761904762
Djibouti,2020-03-30,39.857142857142854,29.57142857142857
Djibouti,2020-04-06,90,50.142857142857146
Dominica,2020-03-16,1,0
Dominica,2020-03-23,7.857142857142857,6.857142857142857
Dominica,2020-03-30,12.428571428571429,4.571428571428572
Dominica,2020-04-06,15,2.571428571428571
Dominican Republic,2020-02-24,1,0
Dominican Republic,2020-03-02,11,10
Dominican Republic,2020-03-09,19,8
Dominican Republic,2020-03-16,92.4,73.4
Dominican Republic,2020-03-23,513.7142857142857,421.3142857142857
Dominican Republic,2020-03-30,1342.142857142857,828.4285714285714
Dominican Republic,2020-04-06,1892,549.8571428571429
East Timor,2020-03-16,1,0
Ecuador,2020-02-24,12,0
Ecuador,2020-03-02,17.5,5.5
Ecuador,2020-03-09,45.666666666666664,28.166666666666664
Ecuador,2020-03-16,295.2857142857143,249.61904761904762
Ecuador,2020-03-23,1425.857142857143,1130.5714285714287
Ecuador,2020-03-30,2941.714285714286,1515.857142857143
Ecuador,2020-04-06,3747,805.2857142857142
Egypt,2020-02-10,7,0
Egypt,2020-02-17,7,0
Egypt,2020-02-24,5,-2
Egypt,2020-03-02,27.333333333333332,22.333333333333332
Egypt,2020-03-09,90,62.66666666666667
Egypt,2020-03-16,243.42857142857142,153.42857142857142
Egypt,2020-03-23,491.42857142857144,248.00000000000003
Egypt,2020-03-30,891.1428571428571,399.71428571428567
Egypt,2020-04-06,1386,494.8571428571429
El Salvador,2020-03-16,2.6666666666666665,0
El Salvador,2020-03-23,12.285714285714286,9.61904761904762
El Salvador,2020-03-30,42.714285714285715,30.42857142857143
El Salvador,2020-04-06,73.5,30.785714285714285
Equatorial Guinea,2020-03-09,3,0
Equatorial Guinea,2020-03-16,9.333333333333334,6.333333333333334
Equatorial Guinea,2020-03-23,10.714285714285714,1.3809523809523796
Equatorial Guinea,2020-03-30,14.571428571428571,3.8571428571428577
Equatorial Guinea,2020-04-06,16,1.4285714285714288
Eritrea,2020-03-16,1,0
Eritrea,2020-03-23,5.142857142857143,4.142857142857143
Eritrea,2020-03-30,20.571428571428573,15.42857142857143
Eritrea,2020-04-06,31,10.428571428571427
Estonia,2020-02-24,5,0
Estonia,2020-03-02,15.666666666666666,10.666666666666666
Estonia,2020-03-09,102.25,86.58333333333333
Estonia,2020-03-16,267.14285714285717,164.89285714285717
Estonia,2020-03-23,508.85714285714283,241.71428571428567
Estonia,2020-03-30,884.8571428571429,376.00000000000006
Estonia,2020-04-06,1128.5,243.6428571428571
Eswatini,2020-03-09,4,0
Eswatini,2020-03-16,4,0
Eswatini,2020-03-23,6.428571428571429,2.428571428571429
Eswatini,2020-03-30,9,2.571428571428571
Eswatini,2020-04-06,10,1
Ethiopia,2020-03-09,1.5,0
Ethiopia,2020-03-16,12.75,11.25
Ethiopia,2020-03-23,14.285714285714286,1.5357142857142865
Ethiopia,2020-03-30,31.857142857142858,17.57142857142857
Ethiopia,2020-04-06,48,16.142857142857142
Faroe Islands,2020-03-02,5,0
Fiji,2020-03-16,2.5,0
Fiji,2020-03-23,4.571428571428571,2.071428571428571
Fiji,2020-03-30,7.571428571428571,3
Fiji,2020-04-06,14.5,6.928571428571429
Finland,2020-01-27,4.666666666666667,0
Finland,2020-02-10,14,9.333333333333332
Finland,2020-02-24,11,-3
Finland,2020-03-02,21.666666666666668,10.666666666666668
Finland,2020-03-09,162.4,140.73333333333335
Finland,2020-03-16,419,256.6
Finland,2020-03-23,968.2857142857143,549.2857142857143
Finland,2020-03-30,1594,625.7142857142857
Finland,2020-04-06,2242,648
France,2020-01-20,2.6666666666666665,0
France,2020-01-27,10.666666666666666,8
France,2020-02-03,44,33.333333333333336
France,2020-02-10,76.5,32.5
France,2020-02-24,59.5,-17
France,2020-03-02,540.7142857142857,481.21428571428567
France,2020-03-09,4046.8,3506.0857142857144
France,2020-03-16,11058.857142857143,7012.057142857143
France,2020-03-23,30015.85714285714,18957
France,2020-03-30,66499.71428571429,36483.857142857145
France,2020-04-06,104514,38014.28571428571
French Guiana,2020-03-02,35,0
French Guiana,2020-03-09,5,-30
French Guiana,2020-03-16,25.666666666666668,20.666666666666668
Gabon,2020-03-09,6,0
Gabon,2020-03-16,4,-2
Gabon,2020-03-23,6.428571428571429,2.428571428571429
Gabon,2020-03-30,17.857142857142858,11.428571428571429
Gabon,2020-04-06,27,9.142857142857142
Gambia,2020-03-16,1,0
Gambia,2020-03-23,3,2
Gambia,2020-03-30,4,1
Gambia,2020-04-06,4,0
"Gambia, The",2020-03-16,4,0
Georgia,2020-02-24,5.333333333333333,0
Georgia,2020-03-02,12.5,7.166666666666667
Georgia,2020-03-09,55.333333333333336,42.833333333333336
Georgia,2020-03-16,41.57142857142857,-13.761904761904766
Georgia,2020-03-23,78.42857142857143,36.85714285714286
Georgia,2020-03-30,136.42857142857142,57.999999999999986
Georgia,2020-04-06,192,55.571428571428584
Germany,2020-01-27,5.833333333333333,0
Germany,2020-02-03,34,28.166666666666668
Germany,2020-02-10,56,22
Germany,2020-02-17,56,0
Germany,2020-02-24,57.833333333333336,1.8333333333333357
Germany,2020-03-02,515.4285714285714,457.59523809523813
Germany,2020-03-09,3445.6666666666665,2930.238095238095
Germany,2020-03-16,15872.857142857143,12427.190476190477
Germany,2020-03-23,44852,28979.142857142855
Germany,2020-03-30,84104.71428571429,39252.71428571429
Germany,2020-04-06,105518.5,21413.78571428571
Ghana,2020-03-09,7.5,0
Ghana,2020-03-16,16.6,9.100000000000001
Ghana,2020-03-23,105,88.4
Ghana,2020-03-30,190.85714285714286,85.85714285714286
Ghana,2020-04-06,250.5,59.64285714285714
Gibraltar,2020-03-02,6,0
Gibraltar,2020-03-09,1,-5
Greece,2020-02-24,8.25,0
Greece,2020-03-02,55.4,47.15
Greece,2020-03-09,259,203.6
Greece,2020-03-16,457.57142857142856,198.57142857142856
Greece,2020-03-23,904.8571428571429,447.28571428571433
Greece,2020-03-30,1500.857142857143,596
Greece,2020-04-06,1793.5,292.6428571428571
Greenland,2020-03-16,1.5,0
Grenada,2020-03-16,1,0
Grenada,2020-03-23,4.714285714285714,3.7142857142857144
Grenada,2020-03-30,10.428571428571429,5.714285714285714
Grenada,2020-04-06,12,1.5714285714285712
Guadeloupe,2020-03-09,2.5,0
Guadeloupe,2020-03-16,30.333333333333332,27.833333333333332
Guam,2020-03-16,3,0
Guatemala,2020-03-09,2,0
Guatemala,2020-03-16,11.833333333333334,9.833333333333334
Guatemala,2020-03-23,26.571428571428573,14.738095238095239
Guatemala,2020-03-30,47.42857142857143,20.857142857142858
Guatemala,2020-04-06,73.5,26.07142857142857
Guernsey,2020-03-09,3,0
Guernsey,2020-03-16,0,-3
Guinea,2020-03-09,2.6666666666666665,0
Guinea,2020-03-16,2,-0.6666666666666665
Guinea,2020-03-23,6.857142857142857,4.857142857142857
Guinea,2020-03-30,61.57142857142857,54.714285714285715
Guinea,2020-04-06,136,74.42857142857143
Guinea-Bissau,2020-03-23,2,0
Guinea-Bissau,2020-03-30,12.142857142857142,10.142857142857142
Guinea-Bissau,2020-04-06,25.5,13.357142857142858
Guyana,2020-03-09,2.75,0
Guyana,2020-03-16,26.5,23.75
Guyana,2020-03-23,8,-18.5
Guyana,2020-03-30,18.285714285714285,10.285714285714285
Guyana,2020-04-06,32,13.714285714285715
Haiti,2020-03-16,2,0
Haiti,2020-03-23,8.571428571428571,6.571428571428571
Haiti,2020-03-30,17.285714285714285,8.714285714285714
Haiti,2020-04-06,24.5,7.214285714285715
Holy See,2020-03-09,4,0
Holy See,2020-03-16,1,-3
Holy See,2020-03-23,4.142857142857143,3.1428571428571432
Holy See,2020-03-30,6.571428571428571,2.428571428571428
Holy See,2020-04-06,7,0.4285714285714288
Honduras,2020-03-09,3.6666666666666665,0
Honduras,2020-03-16,18.166666666666668,14.500000000000002
Honduras,2020-03-23,59.714285714285715,41.54761904761905
Honduras,2020-03-30,203.57142857142858,143.85714285714286
Honduras,2020-04-06,301.5,97.92857142857142
Hong Kong,2020-01-20,3.4,0
Hong Kong,2020-01-27,13,9.6
Hong Kong,2020-02-03,23.666666666666668,10.666666666666668
Hong Kong,2020-02-10,59.833333333333336,36.16666666666667
Hong Kong,2020-02-17,66.28571428571429,6.452380952380956
Hong Kong,2020-02-24,90.14285714285714,23.857142857142847
Hong Kong,2020-03-02,105.57142857142857,15.42857142857143
Hong Kong,2020-03-09,115,9.42857142857143
Hong Kong SAR,2020-03-09,120,0
Hungary,2020-03-02,4.25,0
Hungary,2020-03-09,31.25,27
Hungary,2020-03-16,77,45.75
Hungary,2020-03-23,270.2857142857143,193.28571428571428
Hungary,2020-03-30,583.2857142857143,313.00000000000006
Hungary,2020-04-06,780.5,197.21428571428567
Iceland,2020-02-24,1.6666666666666667,0
Iceland,2020-03-02,36.666666666666664,35
Iceland,2020-03-09,129.33333333333334,92.66666666666669
Iceland,2020-03-16,347.14285714285717,217.80952380952382
Iceland,2020-03-23,806.8571428571429,459.7142857142857
Iceland,2020-03-30,1289.5714285714287,482.7142857142858
Iceland,2020-04-06,1574,284.42857142857133
India,2020-01-27,1.6666666666666667,0
India,2020-02-03,30,28.333333333333332
India,2020-02-10,27,-3
India,2020-03-02,28.666666666666668,1.6666666666666679
India,2020-03-09,88.5,59.83333333333333
India,2020-03-16,225.85714285714286,137.35714285714286
India,2020-03-23,759.5714285714286,533.7142857142857
India,2020-03-30,2346.5714285714284,1587
India,2020-04-06,5044.5,2697.9285714285716
Indonesia,2020-03-02,7.333333333333333,0
Indonesia,2020-03-09,79.2,71.86666666666667
Indonesia,2020-03-16,311,231.8
Indonesia,2020-03-23,919.1428571428571,608.1428571428571
Indonesia,2020-03-30,1822.857142857143,903.7142857142858
Indonesia,2020-04-06,2614.5,791.6428571428571
Iran,2020-02-17,19.2,0
Iran,2020-02-24,357,337.8
Iran,2020-03-02,3915.4285714285716,3558.4285714285716
Iran,2020-03-09,12853.4,8937.971428571429
Iran,2020-03-16,18402.85714285714,5549.457142857142
Iran,2020-03-23,30047.428571428572,11644.571428571431
Iran,2020-03-30,50187.57142857143,20140.142857142855
Iran,2020-04-06,61544.5,11356.928571428572
Iran (Islamic Republic of),2020-03-09,8042,0
Iraq,2020-02-17,0,0
Iraq,2020-02-24,10.6,10.6
Iraq,2020-03-02,47,36.4
Iraq,2020-03-09,120,73
Iraq,2020-03-16,184.14285714285714,64.14285714285714
Iraq,2020-03-23,403,218.85714285714286
Iraq,2020-03-30,783.2857142857143,380.28571428571433
Iraq,2020-04-06,1076.5,293.21428571428567
Ireland,2020-02-24,1.5,0
Ireland,2020-03-02,17.25,15.75
Ireland,2020-03-09,122.25,105
Ireland,2020-03-16,516.4285714285714,394.17857142857144
Ireland,2020-03-23,1855.4285714285713,1339
Ireland,2020-03-30,3901.714285714286,2046.2857142857144
Ireland,2020-04-06,5536.5,1634.7857142857142
Israel,2020-02-17,2.5,0
Israel,2020-02-24,7.2,4.7
Israel,2020-03-02,32.6,25.400000000000002
Israel,2020-03-09,180.6,148
Israel,2020-03-16,623,442.4
Israel,2020-03-23,2762.1428571428573,2139.1428571428573
Israel,2020-03-30,6673,3910.8571428571427
Israel,2020-04-06,9076,2403
Italy,2020-01-27,14,0
Italy,2020-02-03,42,28
Italy,2020-02-17,79,37
Italy,2020-02-24,767,688
Italy,2020-03-02,4197,3430
Italy,2020-03-09,26952.25,22755.25
Italy,2020-03-16,42281.57142857143,15329.321428571428
Italy,2020-03-23,80676.71428571429,38395.14285714286
Italy,2020-03-30,115250.57142857143,34573.857142857145
Italy,2020-04-06,134066.5,18815.928571428565
Ivory Coast,2020-01-27,1,0
Jamaica,2020-03-09,9.666666666666666,0
Jamaica,2020-03-16,16.833333333333332,7.166666666666666
Jamaica,2020-03-23,25.714285714285715,8.880952380952383
Jamaica,2020-03-30,45.857142857142854,20.14285714285714
Jamaica,2020-04-06,60.5,14.642857142857146
Japan,2020-01-20,2.2,0
Japan,2020-01-27,17.333333333333332,15.133333333333333
Japan,2020-02-03,41.25,23.916666666666668
Japan,2020-02-10,34.142857142857146,-7.107142857142854
Japan,2020-02-17,98.85714285714286,64.71428571428572
Japan,2020-02-24,208.14285714285714,109.28571428571428
Japan,2020-03-02,377.2857142857143,169.14285714285714
Japan,2020-03-09,936.6,559.3142857142857
Japan,2020-03-16,938.8571428571429,2.257142857142867
Japan,2020-03-23,1434.5714285714287,495.7142857142858
Japan,2020-03-30,2483.8571428571427,1049.285714285714
Japan,2020-04-06,3780,1296.1428571428573
Jersey,2020-03-09,6,0
Jersey,2020-03-16,0,-6
Jordan,2020-03-02,10,0
Jordan,2020-03-09,3.3333333333333335,-6.666666666666666
Jordan,2020-03-16,75.66666666666667,72.33333333333334
Jordan,2020-03-23,200.71428571428572,125.04761904761905
Jordan,2020-03-30,299.57142857142856,98.85714285714283
Jordan,2020-04-06,351,51.428571428571445
Kazakhstan,2020-03-09,6.333333333333333,0
Kazakhstan,2020-03-16,40.42857142857143,34.095238095238095
Kazakhstan,2020-03-23,141.14285714285714,100.71428571428571
Kazakhstan,2020-03-30,434.14285714285717,293
Kazakhstan,2020-04-06,679.5,245.35714285714283
Kenya,2020-03-09,2.5,0
Kenya,2020-03-16,15,12.5
Kenya,2020-03-23,30.142857142857142,15.142857142857142
Kenya,2020-03-30,98.57142857142857,68.42857142857143
Kenya,2020-04-06,165,66.42857142857143
"Korea, South",2020-03-09,9962.75,0
"Korea, South",2020-03-16,8554.57142857143,-1408.1785714285706
"Korea, South",2020-03-23,9252.714285714286,698.1428571428569
"Korea, South",2020-03-30,9966.42857142857,713.7142857142844
"Korea, South",2020-04-06,10307.5,341.07142857142935
Kosovo,2020-03-09,14,0
Kosovo,2020-03-23,85.5,71.5
Kosovo,2020-03-30,123.14285714285714,37.64285714285714
Kosovo,2020-04-06,157.5,34.35714285714286
Kuwait,2020-02-24,43.2,0
Kuwait,2020-03-02,118.25,75.05
Kuwait,2020-03-09,103.4,-14.849999999999994
Kuwait,2020-03-16,152.28571428571428,48.88571428571427
Kuwait,2020-03-23,214,61.71428571428572
Kuwait,2020-03-30,380.85714285714283,166.85714285714283
Kuwait,2020-04-06,704,323.14285714285717
Kyrgyzstan,2020-03-16,10,0
Kyrgyzstan,2020-03-23,49.42857142857143,39.42857142857143
Kyrgyzstan,2020-03-30,121.28571428571429,71.85714285714286
Kyrgyzstan,2020-04-06,222,100.71428571428571
Laos,2020-03-23,5.5,0
Laos,2020-03-30,9.714285714285714,4.2142857142857135
Laos,2020-04-06,13,3.2857142857142865
Latvia,2020-03-02,2.6666666666666665,0
Latvia,2020-03-09,21.4,18.73333333333333
Latvia,2020-03-16,87.71428571428571,66.31428571428572
Latvia,2020-03-23,253.42857142857142,165.71428571428572
Latvia,2020-03-30,459,205.57142857142858
Latvia,2020-04-06,545,86
Lebanon,2020-02-17,2.5,0
Lebanon,2020-02-24,6.666666666666667,4.166666666666667
Lebanon,2020-03-02,32.6,25.933333333333334
Lebanon,2020-03-09,88.6,55.99999999999999
Lebanon,2020-03-16,158.14285714285714,69.54285714285714
Lebanon,2020-03-23,361,202.85714285714286
Lebanon,2020-03-30,492,131
Lebanon,2020-04-06,544.5,52.5
Liberia,2020-03-16,2.8,0
Liberia,2020-03-23,3,0.20000000000000018
Liberia,2020-03-30,6.857142857142857,3.8571428571428568
Liberia,2020-04-06,14,7.142857142857143
Libya,2020-03-23,2.5,0
Libya,2020-03-30,12.285714285714286,9.785714285714286
Libya,2020-04-06,19.5,7.2142857142857135
Liechtenstein,2020-03-02,9,0
Liechtenstein,2020-03-09,6.5,-2.5
Liechtenstein,2020-03-16,41.25,34.75
Liechtenstein,2020-03-23,53.857142857142854,12.607142857142854
Liechtenstein,2020-03-30,71.71428571428571,17.857142857142854
Liechtenstein,2020-04-06,77.5,5.785714285714292
Lithuania,2020-02-24,12,0
Lithuania,2020-03-09,10.666666666666666,-1.333333333333334
Lithuania,2020-03-16,52.285714285714285,41.61904761904762
Lithuania,2020-03-23,310.42857142857144,258.14285714285717
Lithuania,2020-03-30,648,337.57142857142856
Lithuania,2020-04-06,861.5,213.5
Luxembourg,2020-02-24,1.5,0
Luxembourg,2020-03-02,4.333333333333333,2.833333333333333
Luxembourg,2020-03-09,35,30.666666666666668
Luxembourg,2020-03-16,386.7142857142857,351.7142857142857
Luxembourg,2020-03-23,1449.4285714285713,1062.7142857142856
Luxembourg,2020-03-30,2445.285714285714,995.8571428571429
Luxembourg,2020-04-06,2906.5,461.2142857142858
Macao SAR,2020-03-09,10,0
Macau,2020-01-20,2.4,0
Macau,2020-01-27,9.5,7.1
Macau,2020-02-03,40,30.5
Macau,2020-02-10,26.666666666666668,-13.333333333333332
Macau,2020-02-17,50,23.333333333333332
Macau,2020-02-24,35,-15
Macau,2020-03-02,35,0
Madagascar,2020-03-16,4.5,0
Madagascar,2020-03-23,23.142857142857142,18.642857142857142
Madagascar,2020-03-30,61.142857142857146,38
Madagascar,2020-04-06,85,23.857142857142854
Malawi,2020-03-30,3.5,0
Malawi,2020-04-06,6.5,3
Malaysia,2020-01-20,2.3333333333333335,0
Malaysia,2020-01-27,11,8.666666666666666
Malaysia,2020-02-03,19.5,8.5
Malaysia,2020-02-10,39.5,20
Malaysia,2020-02-17,66,26.5
Malaysia,2020-02-24,48.75,-17.25
Malaysia,2020-03-02,82.2,33.45
Malaysia,2020-03-09,281.4,199.2
Malaysia,2020-03-16,921.1428571428571,639.7428571428571
Malaysia,2020-03-23,1988.5714285714287,1067.4285714285716
Malaysia,2020-03-30,3127.714285714286,1139.142857142857
Malaysia,2020-04-06,3878,750.2857142857142
Maldives,2020-03-02,8,0
Maldives,2020-03-09,33,25
Maldives,2020-03-16,13,-20
Maldives,2020-03-23,14.428571428571429,1.4285714285714288
Maldives,2020-03-30,18.571428571428573,4.142857142857144
Maldives,2020-04-06,19,0.42857142857142705
Mali,2020-03-23,10.6,0
Mali,2020-03-30,35,24.4
Mali,2020-04-06,51.5,16.5
Malta,2020-03-02,4.5,0
Malta,2020-03-09,17,12.5
Malta,2020-03-16,64.33333333333333,47.33333333333333
Malta,2020-03-23,131.28571428571428,66.95238095238095
Malta,2020-03-30,193,61.71428571428572
Malta,2020-04-06,267,74
Martinique,2020-03-02,8,0
Martinique,2020-03-09,13.5,5.5
Martinique,2020-03-16,27.4,13.899999999999999
Mauritania,2020-03-09,2.5,0
Mauritania,2020-03-16,4,1.5
Mauritania,2020-03-23,3.142857142857143,-0.8571428571428572
Mauritania,2020-03-30,5.857142857142857,2.714285714285714
Mauritania,2020-04-06,6,0.14285714285714324
Mauritius,2020-03-16,12,0
Mauritius,2020-03-23,72.85714285714286,60.85714285714286
Mauritius,2020-03-30,172.85714285714286,100
Mauritius,2020-04-06,256,83.14285714285714
Mayotte,2020-03-16,5.25,0
Mexico,2020-01-20,0,0
Mexico,2020-02-24,5,5
Mexico,2020-03-02,13.666666666666666,8.666666666666666
Mexico,2020-03-09,21.2,7.533333333333333
Mexico,2020-03-16,137.71428571428572,116.51428571428572
Mexico,2020-03-23,530.4285714285714,392.7142857142857
Mexico,2020-03-30,1395.4285714285713,864.9999999999999
Mexico,2020-04-06,2291,895.5714285714287
Moldova,2020-03-02,1,0
Moldova,2020-03-09,16,15
Moldova,2020-03-16,53.142857142857146,37.142857142857146
Moldova,2020-03-23,179,125.85714285714286
Moldova,2020-03-30,540.8571428571429,361.8571428571429
Moldova,2020-04-06,1010.5,469.6428571428571
Monaco,2020-02-24,12,0
Monaco,2020-03-09,2.6666666666666665,-9.333333333333334
Monaco,2020-03-16,18.25,15.583333333333334
Monaco,2020-03-23,34.285714285714285,16.035714285714285
Monaco,2020-03-30,59.857142857142854,25.57142857142857
Monaco,2020-04-06,78,18.142857142857146
Mongolia,2020-03-09,2.3333333333333335,0
Mongolia,2020-03-16,10.75,8.416666666666666
Mongolia,2020-03-23,10.857142857142858,0.10714285714285765
Mongolia,2020-03-30,13.428571428571429,2.571428571428571
Mongolia,2020-04-06,15,1.5714285714285712
Montenegro,2020-03-16,11,0
Montenegro,2020-03-23,63.714285714285715,52.714285714285715
Montenegro,2020-03-30,150.85714285714286,87.14285714285714
Montenegro,2020-04-06,237,86.14285714285714
Morocco,2020-03-02,4.333333333333333,0
Morocco,2020-03-09,13.2,8.866666666666667
Morocco,2020-03-16,66.71428571428571,53.514285714285705
Morocco,2020-03-23,291.2857142857143,224.57142857142856
Morocco,2020-03-30,752.2857142857143,461.00000000000006
Morocco,2020-04-06,1152,399.71428571428567
Mozambique,2020-03-16,1,0
Mozambique,2020-03-23,5.571428571428571,4.571428571428571
Mozambique,2020-03-30,9.428571428571429,3.8571428571428577
Mozambique,2020-04-06,10,0.5714285714285712
MS Zaandam,2020-03-23,2,0
MS Zaandam,2020-03-30,7,5
MS Zaandam,2020-04-06,9,2
Namibia,2020-03-09,10,0
Namibia,2020-03-16,6,-4
Namibia,2020-03-23,7.571428571428571,1.5714285714285712
Namibia,2020-03-30,13.428571428571429,5.857142857142858
Namibia,2020-04-06,16,2.571428571428571
Nepal,2020-01-20,1,0
Nepal,2020-01-27,3.2,2.2
Nepal,2020-02-10,27,23.8
Nepal,2020-03-09,4,-23
Nepal,2020-03-16,1,-3
Nepal,2020-03-23,3.4285714285714284,2.4285714285714284
Nepal,2020-03-30,6.428571428571429,3.0000000000000004
Nepal,2020-04-06,9,2.571428571428571
Netherlands,2020-02-24,4.5,0
Netherlands,2020-03-02,106.14285714285714,101.64285714285714
Netherlands,2020-03-09,921.4,815.2571428571429
Netherlands,2020-03-16,2643.285714285714,1721.8857142857141
Netherlands,2020-03-23,7663.714285714285,5020.428571428571
Netherlands,2020-03-30,14781.285714285714,7117.571428571428
Netherlands,2020-04-06,19317.5,4536.214285714286
New Zealand,2020-02-24,5,0
New Zealand,2020-03-02,13.333333333333334,8.333333333333334
New Zealand,2020-03-09,9,-4.333333333333334
New Zealand,2020-03-16,42.166666666666664,33.166666666666664
New Zealand,2020-03-23,296.85714285714283,254.69047619047618
New Zealand,2020-03-30,799.7142857142857,502.85714285714283
New Zealand,2020-04-06,1133,333.28571428571433
Nicaragua,2020-03-16,2,0
Nicaragua,2020-03-23,2.5714285714285716,0.5714285714285716
Nicaragua,2020-03-30,5,2.4285714285714284
Nicaragua,2020-04-06,6,1
Niger,2020-03-16,2,0
Niger,2020-03-23,8.714285714285714,6.7142857142857135
Niger,2020-03-30,96.28571428571429,87.57142857142858
Niger,2020-04-06,265.5,169.21428571428572
Nigeria,2020-02-24,10,0
Nigeria,2020-03-09,5.333333333333333,-4.666666666666667
Nigeria,2020-03-16,16.6,11.26666666666667
Nigeria,2020-03-23,67.14285714285714,50.54285714285714
Nigeria,2020-03-30,182.85714285714286,115.71428571428572
Nigeria,2020-04-06,246,63.14285714285714
North Ireland,2020-02-24,1,0
North Macedonia,2020-02-24,4.5,0
North Macedonia,2020-03-02,12,7.5
North Macedonia,2020-03-09,21,9
North Macedonia,2020-03-16,56.285714285714285,35.285714285714285
North Macedonia,2020-03-23,197.28571428571428,141
North Macedonia,2020-03-30,402.85714285714283,205.57142857142856
North Macedonia,2020-04-06,584.5,181.64285714285717
Norway,2020-02-24,8.4,0
Norway,2020-03-02,90.14285714285714,81.74285714285713
Norway,2020-03-09,868.6666666666666,778.5238095238095
Norway,2020-03-16,1769.5714285714287,900.904761904762
Norway,2020-03-23,3427.285714285714,1657.7142857142856
Norway,2020-03-30,5100.428571428572,1673.1428571428573
Norway,2020-04-06,5975.5,875.0714285714284
occupied Palestinian territory,2020-03-09,12.5,0
Oman,2020-02-24,8.5,0
Oman,2020-03-02,35.666666666666664,27.166666666666664
Oman,2020-03-09,28.5,-7.166666666666664
Oman,2020-03-16,48,19.5
Oman,2020-03-23,115.42857142857143,67.42857142857143
Oman,2020-03-30,234.14285714285714,118.71428571428571
Oman,2020-04-06,351,116.85714285714286
Others,2020-02-03,93,0
Others,2020-02-10,295.6,202.60000000000002
Others,2020-02-17,1118.4,822.8000000000001
Others,2020-02-24,1175,56.59999999999991
Others,2020-03-02,2101,926
Pakistan,2020-02-24,9,0
Pakistan,2020-03-02,13,4
Pakistan,2020-03-09,33.4,20.4
Pakistan,2020-03-16,447.42857142857144,414.02857142857147
Pakistan,2020-03-23,1225.142857142857,777.7142857142857
Pakistan,2020-03-30,2407.8571428571427,1182.7142857142856
Pakistan,2020-04-06,3900.5,1492.6428571428573
Palestine,2020-03-02,28.666666666666668,0
Panama,2020-03-09,25.2,0
Panama,2020-03-16,138.42857142857142,113.22857142857141
Panama,2020-03-23,574.2857142857143,435.8571428571429
Panama,2020-03-30,1373.857142857143,799.5714285714286
Panama,2020-04-06,2044,670.1428571428571
Papua New Guinea,2020-03-16,1,0
Papua New Guinea,2020-03-23,1,0
Papua New Guinea,2020-03-30,1,0
Papua New Guinea,2020-04-06,2,1
Paraguay,2020-03-02,3,0
Paraguay,2020-03-09,14,11
Paraguay,2020-03-16,15.333333333333334,1.333333333333334
Paraguay,2020-03-23,42,26.666666666666664
Paraguay,2020-03-30,81,39
Paraguay,2020-04-06,114,33
Peru,2020-03-02,4,0
Peru,2020-03-09,25.5,21.5
Peru,2020-03-16,213.85714285714286,188.35714285714286
Peru,2020-03-23,575.5714285714286,361.71428571428567
Peru,2020-03-30,1482,906.4285714285714
Peru,2020-04-06,2757.5,1275.5
Philippines,2020-01-20,0,0
Philippines,2020-01-27,3.25,3.25
Philippines,2020-02-03,15,11.75
Philippines,2020-02-10,69,54
Philippines,2020-03-02,7,-62
Philippines,2020-03-09,78.16666666666667,71.16666666666667
Philippines,2020-03-16,237.85714285714286,159.6904761904762
Philippines,2020-03-23,807.5714285714286,569.7142857142857
Philippines,2020-03-30,2561.714285714286,1754.1428571428573
Philippines,2020-04-06,3712,1150.2857142857142
Poland,2020-03-02,7.666666666666667,0
Poland,2020-03-09,68,60.333333333333336
Poland,2020-03-16,373.7142857142857,305.7142857142857
Poland,2020-03-23,1258.7142857142858,885
Poland,2020-03-30,2996.8571428571427,1738.1428571428569
Poland,2020-04-06,4630.5,1633.6428571428573
Portugal,2020-03-02,15.714285714285714,0
Portugal,2020-03-09,171.25,155.53571428571428
Portugal,2020-03-16,844.5714285714286,673.3214285714286
Portugal,2020-03-23,3765.8571428571427,2921.285714285714
Portugal,2020-03-30,8974.857142857143,5209
Portugal,2020-04-06,12086,3111.142857142857
Puerto Rico,2020-03-16,1.5,0
Qatar,2020-02-24,3.5,0
Qatar,2020-03-02,18,14.5
Qatar,2020-03-09,406,388
Qatar,2020-03-16,539.1666666666666,133.16666666666663
Qatar,2020-03-23,557,17.83333333333337
Qatar,2020-03-30,1037.4285714285713,480.42857142857133
Qatar,2020-04-06,1944.5,907.0714285714287
Republic of Ireland,2020-03-02,21,0
Republic of Korea,2020-03-09,7513,0
Republic of Moldova,2020-03-09,3,0
Republic of the Congo,2020-03-16,0.5,0
Reunion,2020-03-09,6.666666666666667,0
Reunion,2020-03-16,19.5,12.833333333333332
Romania,2020-02-24,4.666666666666667,0
Romania,2020-03-02,10.166666666666666,5.499999999999999
Romania,2020-03-09,92.4,82.23333333333333
Romania,2020-03-16,283.85714285714283,191.45714285714283
Romania,2020-03-23,1123.4285714285713,839.5714285714284
Romania,2020-03-30,2887.4285714285716,1764.0000000000002
Romania,2020-04-06,4237,1349.5714285714284
Russia,2020-01-27,24,0
Russia,2020-02-10,38,14
Russia,2020-03-02,18.25,-19.75
Russia,2020-03-09,53.75,35.5
Russia,2020-03-16,210.85714285714286,157.10714285714286
Russia,2020-03-23,895,684.1428571428571
Russia,2020-03-30,3538.1428571428573,2643.1428571428573
Russia,2020-04-06,6920,3381.8571428571427
Russian Federation,2020-03-09,10,0
Rwanda,2020-03-09,1,0
Rwanda,2020-03-16,16.2,15.2
Rwanda,2020-03-23,50.142857142857146,33.94285714285715
Rwanda,2020-03-30,86.57142857142857,36.42857142857142
Rwanda,2020-04-06,105,18.42857142857143
Saint Barthelemy,2020-03-02,15,0
Saint Barthelemy,2020-03-09,2,-13
Saint Kitts and Nevis,2020-03-23,2,0
Saint Kitts and Nevis,2020-03-30,8.571428571428571,6.571428571428571
Saint Kitts and Nevis,2020-04-06,10.5,1.9285714285714288
Saint Lucia,2020-03-09,3,0
Saint Lucia,2020-03-16,4.666666666666667,1.666666666666667
Saint Lucia,2020-03-23,3.857142857142857,-0.8095238095238098
Saint Lucia,2020-03-30,12.714285714285714,8.857142857142856
Saint Lucia,2020-04-06,14,1.2857142857142865
Saint Martin,2020-03-09,2,0
Saint Vincent and the Grenadines,2020-03-09,8,0
Saint Vincent and the Grenadines,2020-03-16,1,-7
Saint Vincent and the Grenadines,2020-03-23,1,0
Saint Vincent and the Grenadines,2020-03-30,3.142857142857143,2.142857142857143
Saint Vincent and the Grenadines,2020-04-06,7.5,4.357142857142858
San Marino,2020-02-24,2,0
San Marino,2020-03-02,28.5,26.5
San Marino,2020-03-09,88.6,60.099999999999994
San Marino,2020-03-16,183.8,95.20000000000002
San Marino,2020-03-23,208.71428571428572,24.91428571428571
San Marino,2020-03-30,245.28571428571428,36.571428571428555
San Marino,2020-04-06,272.5,27.214285714285722
Sao Tome and Principe,2020-04-06,4,0
Saudi Arabia,2020-03-02,9.666666666666666,0
Saudi Arabia,2020-03-09,78.6,68.93333333333332
Saudi Arabia,2020-03-16,330.1666666666667,251.5666666666667
Saudi Arabia,2020-03-23,978.1428571428571,647.9761904761904
Saudi Arabia,2020-03-30,1891.5714285714287,913.4285714285716
Saudi Arabia,2020-04-06,2700,808.4285714285713
Senegal,2020-03-02,9.75,0
Senegal,2020-03-09,22,12.25
Senegal,2020-03-16,44,22
Senegal,2020-03-23,108.57142857142857,64.57142857142857
Senegal,2020-03-30,195.71428571428572,87.14285714285715
Senegal,2020-04-06,231.5,35.78571428571428
Serbia,2020-03-02,4,0
Serbia,2020-03-09,41.25,37.25
Serbia,2020-03-16,119.14285714285714,77.89285714285714
Serbia,2020-03-23,453.85714285714283,334.71428571428567
Serbia,2020-03-30,1274.857142857143,821
Serbia,2020-04-06,2323.5,1048.642857142857
Seychelles,2020-03-09,2,0
Seychelles,2020-03-16,7.6,5.6
Seychelles,2020-03-23,7.285714285714286,-0.31428571428571406
Seychelles,2020-03-30,9.714285714285714,2.428571428571428
Seychelles,2020-04-06,11,1.2857142857142865
Sierra Leone,2020-03-30,2.8333333333333335,0
Sierra Leone,2020-04-06,6,3.1666666666666665
Singapore,2020-01-20,2.75,0
Singapore,2020-01-27,13.428571428571429,10.678571428571429
Singapore,2020-02-03,36.6,23.17142857142857
Singapore,2020-02-10,59.142857142857146,22.542857142857144
Singapore,2020-02-17,134.8,75.65714285714287
Singapore,2020-02-24,144.5,9.699999999999989
Singapore,2020-03-02,168.83333333333334,24.333333333333343
Singapore,2020-03-09,288.5,119.66666666666666
Singapore,2020-03-16,348.42857142857144,59.928571428571445
Singapore,2020-03-23,679.8571428571429,331.42857142857144
Singapore,2020-03-30,1066.5714285714287,386.7142857142858
Singapore,2020-04-06,1428,361.42857142857133
Slovakia,2020-03-02,4,0
Slovakia,2020-03-09,32.6,28.6
Slovakia,2020-03-16,123.28571428571429,90.68571428571428
Slovakia,2020-03-23,243.85714285714286,120.57142857142857
Slovakia,2020-03-30,418.7142857142857,174.85714285714286
Slovakia,2020-04-06,557.5,138.78571428571428
Slovenia,2020-03-02,16,0
Slovenia,2020-03-09,143.6,127.6
Slovenia,2020-03-16,371.1666666666667,227.5666666666667
Slovenia,2020-03-23,579.7142857142857,208.54761904761898
Slovenia,2020-03-30,886.2857142857143,306.57142857142867
Slovenia,2020-04-06,1040,153.71428571428567
Somalia,2020-03-16,2.3333333333333335,0
Somalia,2020-03-23,2,-0.3333333333333335
Somalia,2020-03-30,5.571428571428571,3.571428571428571
Somalia,2020-04-06,7.5,1.9285714285714288
South Africa,2020-03-02,3,0
South Africa,2020-03-09,30,27
South Africa,2020-03-16,184.33333333333334,154.33333333333334
South Africa,2020-03-23,889.8571428571429,705.5238095238095
South Africa,2020-03-30,1466.5714285714287,576.7142857142858
South Africa,2020-04-06,1717.5,250.92857142857133
South Korea,2020-01-20,1.8,0
South Korea,2020-01-27,9.857142857142858,8.057142857142857
South Korea,2020-02-03,26.2,16.34285714285714
South Korea,2020-02-10,39.2,13.000000000000004
South Korea,2020-02-17,239.16666666666666,199.96666666666664
South Korea,2020-02-24,2008.5714285714287,1769.404761904762
South Korea,2020-03-02,6025.428571428572,4016.857142857143
South Korea,2020-03-09,7478,1452.5714285714284
South Sudan,2020-03-30,1,0
South Sudan,2020-04-06,1.5,0.5
Spain,2020-01-27,8,0
Spain,2020-02-03,12,4
Spain,2020-02-10,20,8
Spain,2020-02-24,32.5,12.5
Spain,2020-03-02,334.14285714285717,301.64285714285717
Spain,2020-03-09,4457.166666666667,4123.02380952381
Spain,2020-03-16,18278.571428571428,13821.40476190476
Spain,2020-03-23,57340.857142857145,39062.28571428572
Spain,2020-03-30,111010.71428571429,53669.857142857145
Spain,2020-04-06,139308.5,28297.78571428571
Sri Lanka,2020-01-27,2.4,0
Sri Lanka,2020-02-03,31,28.6
Sri Lanka,2020-03-09,9.75,-21.25
Sri Lanka,2020-03-16,59.285714285714285,49.535714285714285
Sri Lanka,2020-03-23,106.14285714285714,46.857142857142854
Sri Lanka,2020-03-30,151.85714285714286,45.71428571428572
Sri Lanka,2020-04-06,181.5,29.64285714285714
St. Martin,2020-03-09,2,0
Sudan,2020-03-09,2.5,0
Sudan,2020-03-16,5,2.5
Sudan,2020-03-23,3.5714285714285716,-1.4285714285714284
Sudan,2020-03-30,8.571428571428571,5
Sudan,2020-04-06,13,4.428571428571429
Suriname,2020-03-09,6,0
Suriname,2020-03-16,6.5,0.5
Suriname,2020-03-23,7.428571428571429,0.9285714285714288
Suriname,2020-03-30,9.571428571428571,2.1428571428571423
Suriname,2020-04-06,10,0.4285714285714288
Sweden,2020-01-27,13,0
Sweden,2020-02-24,10.5,-2.5
Sweden,2020-03-02,90,79.5
Sweden,2020-03-09,749.8333333333334,659.8333333333334
Sweden,2020-03-16,1477.7142857142858,727.8809523809524
Sweden,2020-03-23,2844.8571428571427,1367.1428571428569
Sweden,2020-03-30,5483.142857142857,2638.285714285714
Sweden,2020-04-06,7449.5,1966.3571428571431
Switzerland,2020-02-24,15.75,0
Switzerland,2020-03-02,160.14285714285714,144.39285714285714
Switzerland,2020-03-09,1813.4,1653.257142857143
Switzerland,2020-03-16,4857.666666666667,3044.266666666667
Switzerland,2020-03-23,11887.57142857143,7029.904761904762
Switzerland,2020-03-30,18619,6731.428571428571
Switzerland,2020-04-06,21955,3336
Syria,2020-03-16,1,0
Syria,2020-03-23,4.428571428571429,3.428571428571429
Syria,2020-03-30,13.857142857142858,9.428571428571429
Syria,2020-04-06,19,5.142857142857142
Taipei and environs,2020-03-09,47,0
Taiwan,2020-01-20,2.4,0
Taiwan,2020-01-27,14,11.6
Taiwan,2020-02-03,40.25,26.25
Taiwan,2020-02-10,18.666666666666668,-21.583333333333332
Taiwan,2020-02-17,34.2,15.533333333333335
Taiwan,2020-02-24,39.666666666666664,5.4666666666666615
Taiwan,2020-03-02,60.8,21.133333333333333
Taiwan,2020-03-09,45,-15.799999999999997
Taiwan*,2020-03-09,64.75,0
Taiwan*,2020-03-16,115.57142857142857,50.82142857142857
Taiwan*,2020-03-23,249.28571428571428,133.71428571428572
Taiwan*,2020-03-30,337.42857142857144,88.14285714285717
Taiwan*,2020-04-06,374.5,37.071428571428555
Tanzania,2020-03-16,7,0
Tanzania,2020-03-23,12.857142857142858,5.857142857142858
Tanzania,2020-03-30,20,7.142857142857142
Tanzania,2020-04-06,24,4
Thailand,2020-01-20,5,0
Thailand,2020-01-27,25.2,20.2
Thailand,2020-02-03,98,72.8
Thailand,2020-02-10,66.33333333333333,-31.66666666666667
Thailand,2020-02-17,93.33333333333333,27
Thailand,2020-02-24,48.4,-44.93333333333333
Thailand,2020-03-02,93.5,45.1
Thailand,2020-03-09,90.6,-2.9000000000000057
Thailand,2020-03-16,305.7142857142857,215.11428571428573
Thailand,2020-03-23,1042.2857142857142,736.5714285714284
Thailand,2020-03-30,1862.142857142857,819.8571428571429
Thailand,2020-04-06,2239,376.8571428571429
The Bahamas,2020-03-16,1.5,0
The Gambia,2020-03-16,0.5,0
Timor-Leste,2020-03-16,1,0
Timor-Leste,2020-03-23,1,0
Timor-Leste,2020-03-30,1,0
Timor-Leste,2020-04-06,1,0
Togo,2020-03-02,3.5,0
Togo,2020-03-09,3.5,0
Togo,2020-03-16,13.666666666666666,10.166666666666666
Togo,2020-03-23,22.714285714285715,9.04761904761905
Togo,2020-03-30,37.714285714285715,15
Togo,2020-04-06,61.5,23.785714285714285
Trinidad and Tobago,2020-03-09,4,0
Trinidad and Tobago,2020-03-16,22.166666666666668,18.166666666666668
Trinidad and Tobago,2020-03-23,64.42857142857143,42.26190476190476
Trinidad and Tobago,2020-03-30,94,29.57142857142857
Trinidad and Tobago,2020-04-06,106,12
Tunisia,2020-03-02,4,0
Tunisia,2020-03-09,23.666666666666668,19.666666666666668
Tunisia,2020-03-16,43,19.333333333333332
Tunisia,2020-03-23,198.57142857142858,155.57142857142858
Tunisia,2020-03-30,458,259.42857142857144
Tunisia,2020-04-06,609.5,151.5
Turkey,2020-03-09,6,0
Turkey,2020-03-16,374.2857142857143,368.2857142857143
Turkey,2020-03-23,4540,4165.714285714285
Turkey,2020-03-30,18585.14285714286,14045.142857142859
Turkey,2020-04-06,32163,13577.857142857141
Uganda,2020-03-16,1,0
Uganda,2020-03-23,18.857142857142858,17.857142857142858
Uganda,2020-03-30,44.857142857142854,25.999999999999996
Uganda,2020-04-06,52,7.142857142857146
UK,2020-01-27,7,0
UK,2020-02-03,9,2
UK,2020-02-10,41.333333333333336,32.333333333333336
UK,2020-02-24,26.6,-14.733333333333334
UK,2020-03-02,133.28571428571428,106.68571428571428
UK,2020-03-09,351.5,218.21428571428572
Ukraine,2020-03-02,10,0
Ukraine,2020-03-09,4.5,-5.5
Ukraine,2020-03-16,33.333333333333336,28.833333333333336
Ukraine,2020-03-23,236,202.66666666666666
Ukraine,2020-03-30,927,691
Ukraine,2020-04-06,1390.5,463.5
United Arab Emirates,2020-01-27,11.5,0
United Arab Emirates,2020-02-03,14,2.5
United Arab Emirates,2020-02-10,25.5,11.5
United Arab Emirates,2020-02-17,78,52.5
United Arab Emirates,2020-02-24,41,-37
United Arab Emirates,2020-03-02,82.33333333333333,41.33333333333333
United Arab Emirates,2020-03-09,100.2,17.866666666666674
United Arab Emirates,2020-03-16,149.16666666666666,48.966666666666654
United Arab Emirates,2020-03-23,365,215.83333333333334
United Arab Emirates,2020-03-30,1097.2857142857142,732.2857142857142
United Arab Emirates,2020-04-06,2217.5,1120.2142857142858
United Kingdom,2020-03-09,1335.6666666666667,0
United Kingdom,2020-03-16,3384.285714285714,2048.6190476190477
United Kingdom,2020-03-23,12597,9212.714285714286
United Kingdom,2020-03-30,34510.57142857143,21913.571428571428
United Kingdom,2020-04-06,54114,19603.428571428572
Uruguay,2020-03-09,8,0
Uruguay,2020-03-16,72.14285714285714,64.14285714285714
Uruguay,2020-03-23,220.28571428571428,148.14285714285714
Uruguay,2020-03-30,357.85714285714283,137.57142857142856
Uruguay,2020-04-06,415,57.14285714285717
US,2020-01-20,2.2,0
US,2020-01-27,27.833333333333332,25.633333333333333
US,2020-02-03,65.66666666666667,37.83333333333334
US,2020-02-10,22,-43.66666666666667
US,2020-02-17,60,38
US,2020-02-24,51.42857142857143,-8.57142857142857
US,2020-03-02,309,257.57142857142856
US,2020-03-09,1790.4285714285713,1481.4285714285713
US,2020-03-16,15851.285714285714,14060.857142857143
US,2020-03-23,87295,71443.71428571429
US,2020-03-30,246906,159611
US,2020-04-06,381445,134539
Uzbekistan,2020-03-09,1,0
Uzbekistan,2020-03-16,24.714285714285715,23.714285714285715
Uzbekistan,2020-03-23,81,56.285714285714285
Uzbekistan,2020-03-30,220.28571428571428,139.28571428571428
Uzbekistan,2020-04-06,488.5,268.2142857142857
Vatican City,2020-03-02,4,0
Venezuela,2020-03-09,6,0
Venezuela,2020-03-16,51.666666666666664,45.666666666666664
Venezuela,2020-03-23,100.57142857142857,48.904761904761905
Venezuela,2020-03-30,146.57142857142858,46.000000000000014
Venezuela,2020-04-06,165,18.428571428571416
Viet Nam,2020-03-09,31,0
Vietnam,2020-01-20,2,0
Vietnam,2020-01-27,3.6666666666666665,1.6666666666666665
Vietnam,2020-02-03,23.333333333333332,19.666666666666664
Vietnam,2020-02-10,57.333333333333336,34
Vietnam,2020-02-17,64,6.666666666666664
Vietnam,2020-02-24,176,112
Vietnam,2020-03-02,39,-137
Vietnam,2020-03-09,58.25,19.25
Vietnam,2020-03-16,83.57142857142857,25.32142857142857
Vietnam,2020-03-23,153.71428571428572,70.14285714285715
Vietnam,2020-03-30,226.28571428571428,72.57142857142856
Vietnam,2020-04-06,247,20.714285714285722
West Bank and Gaza,2020-03-23,95.5,0
West Bank and Gaza,2020-03-30,168.28571428571428,72.78571428571428
West Bank and Gaza,2020-04-06,257.5,89.21428571428572
Western Sahara,2020-03-30,4,0
Western Sahara,2020-04-06,4,0
Zambia,2020-03-16,3.6666666666666665,0
Zambia,2020-03-23,16.142857142857142,12.476190476190476
Zambia,2020-03-30,37.42857142857143,21.28571428571429
Zambia,2020-04-06,39,1.5714285714285694
Zimbabwe,2020-03-16,2.3333333333333335,0
Zimbabwe,2020-03-23,4.428571428571429,2.0952380952380953
Zimbabwe,2020-03-30,8.428571428571429,4
Zimbabwe,2020-04-06,10.5,2.071428571428571
